{
  "action_min": [
    -0.9375,
    -0.9375,
    -0.9375,
    -0.2582142949104309,
    -0.375,
    -0.3675000071525574,
    -1.0
  ],
  "action_max": [
    0.9375,
    0.9375,
    0.9375,
    0.3557142913341522,
    0.375,
    0.375,
    1.0
  ],
  "action_range": [
    1.875,
    1.875,
    1.875,
    0.6139285564422607,
    0.75,
    0.7425000071525574,
    2.0
  ],
  "action_dim": 7,
  "num_bins": 1000,
  "horizon": 8
}